Simon,61
Simon,61
Simon,61
Simon,61
Simon,61
Simon,61
Simon,75
Simon,75
Simon,75
Simon,75
Simon,75
Simon,75
Simon,75
Simon,75
Simon,75
Simon,75
Simon,75
Simon,75
Simon,75
Simon,75
Simon,75
Simon,74
Simon,74
Simon,74
Simon,74
Simon,74
Simon,74
Simon,74
Simon,74
Simon,74
Simon,74
Simon,74
Simon,74
Simon,74
Simon,74
Simon,135
Simon,135
Simon,135
Simon,135
Simon,135
Simon,135
Simon,135
Simon,135
Simon,135
Simon,135
Simon,135
Simon,135
Simon,135
Simon,135
Simon,135
Simon,135
Simon,135
Simon,135
Simon,135
Simon,135
Simon,135
Simon,135
Simon,135
Simon,135
Simon,135
Simon,123
Simon,123
Simon,123
Simon,123
Simon,123
Simon,123
Simon,123
Simon,123
Simon,123
Simon,123
Simon,123
Simon,123
Simon,123
Simon,123
Simon,123
Simon,123
Simon,123
Simon,123
Simon,123
Simon,123
Simon,123
Simon,123
Simon,123
Simon,123
Simon,26
Simon,26
Simon,26
Simon,26
Simon,26
Simon,26
Simon,26
Simon,31
Simon,31
Simon,31
Simon,31
Simon,31
Simon,31
Simon,31
Simon,93
Simon,93
Simon,93
Simon,93
Simon,93
Simon,93
Simon,93
Simon,28
Simon,28
Simon,28
Simon,28
Simon,28
Simon,28
Simon,28
Simon,28
Simon,28
Simon,28
Simon,28
Simon,27
Simon,27
Simon,27
Simon,27
Simon,27
Simon,27
Simon,27
Simon,27
Simon,51
Simon,51
Simon,51
Simon,51
Simon,51
Simon,51
Simon,51
Simon,51
Simon,51
Simon,51
Simon,51
Simon,51
Simon,51
Simon,51
Simon,87
Simon,87
Simon,87
Simon,87
Simon,87
Simon,87
Simon,87
Simon,87
Simon,87
Simon,87
Simon,30
Simon,30
Simon,30
Simon,30
Simon,30
Simon,30
Simon,30
Simon,30
Simon,30
Simon,30
Simon,30
Simon,33
Simon,33
Simon,33
Simon,33
Simon,33
Simon,33
Simon,33
Simon,33
Simon,33
Simon,33
Simon,33
Simon,55
Simon,55
Simon,55
Simon,55
Simon,55
Simon,55
Simon,55
Simon,55
Simon,55
Simon,55
Simon,55
Simon,55
Simon,55
Simon,83
Simon,83
Simon,83
Simon,83
Simon,83
Simon,83
Simon,83
Simon,83
Simon,83
Simon,83
Simon,83
Simon,20
Simon,20
Simon,20
Simon,20
Simon,20
Simon,20
Simon,20
Simon,20
Simon,67
Simon,67
Simon,67
Simon,67
Simon,67
Simon,67
Simon,67
Simon,67
Simon,67
Simon,67
Simon,67
Simon,67
Simon,24
Simon,24
Simon,24
Simon,24
Simon,24
Simon,24
Simon,24
Simon,24
Simon,24
Simon,120
Simon,120
Simon,120
Simon,120
Simon,120
Simon,120
Simon,120
Simon,120
Simon,120
Simon,120
Simon,120
Simon,120
Simon,120
Simon,120
Simon,120
Simon,120
Simon,120
Simon,32
Simon,32
Simon,32
Simon,32
Simon,32
Simon,32
Simon,32
Simon,32
Simon,32
Simon,32
Simon,32
Simon,32
Simon,32
Simon,32
Simon,32
Simon,32
Simon,32
Simon,43
Simon,43
Simon,43
Simon,43
Simon,43
Simon,43
Simon,45
Simon,45
Simon,45
Simon,45
Simon,45
Simon,45
Simon,45
Simon,34
Simon,34
Simon,34
Simon,34
Simon,34
Simon,34
Simon,34
Simon,34
Simon,34
Simon,34
Simon,34
Simon,34
Simon,18
Simon,18
Simon,18
Simon,18
Simon,18
Simon,51
Simon,51
Simon,51
Simon,51
Simon,51
Simon,51
Simon,51
Simon,51
Simon,51
Simon,51
Simon,51
Simon,68
Simon,68
Simon,68
Simon,68
Simon,68
Simon,68
Simon,68
Simon,68
Simon,68
Simon,27
Simon,27
Simon,27
Simon,27
Simon,38
Simon,38
Simon,38
Simon,38
Simon,38
Simon,38
Simon,38
Simon,38
Simon,38
Simon,28
Simon,28
Simon,28
Simon,28
Simon,28
Simon,28
Simon,28
Simon,28
Simon,28
Simon,28
Simon,28
Simon,47
Simon,47
Simon,47
Simon,47
Simon,47
Simon,47
Simon,47
Simon,47
Simon,47
Simon,47
Simon,35
Simon,35
Simon,35
Simon,35
Simon,35
Simon,35
Simon,35
Simon,35
Simon,35
Simon,43
Simon,43
Simon,43
Simon,43
Simon,43
Simon,43
Simon,40
Simon,40
Simon,40
Simon,40
Simon,40
Simon,40
Simon,40
Simon,40
Simon,56
Simon,56
Simon,56
Simon,56
Simon,56
Simon,56
Simon,56
Simon,56
Simon,56
Simon,56
Simon,56
Simon,56
Simon,56
Simon,56
